SERIE|NOMBRE|MODELO|UBICACION
1502775600|No fijado|MX-M2651|No fijado
5500285500|ALMACEN ATOYAC|MX-M564N|Río Atoyac 97 PB, Almacén USGA
1502775600|No fijado|MX-M2651|No fijado
5500285500|ALMACEN ATOYAC|MX-M564N|Río Atoyac 97 PB, Almacén USGA
1502775600|No fijado|MX-M2651|No fijado
5500285500|ALMACEN ATOYAC|MX-M564N|Río Atoyac 97 PB, Almacén USGA
1502775600|No fijado|MX-M2651|No fijado
5500285500|ALMACEN ATOYAC|MX-M564N|Río Atoyac 97 PB, Almacén USGA
1502775600|No fijado|MX-M2651|No fijado
5500285500|ALMACEN ATOYAC|MX-M564N|Río Atoyac 97 PB, Almacén USGA
1502775600|No fijado|MX-M2651|No fijado
5500285500|ALMACEN ATOYAC|MX-M564N|Río Atoyac 97 PB, Almacén USGA
1502775600|No fijado|MX-M2651|No fijado
5500285500|ALMACEN ATOYAC|MX-M564N|Río Atoyac 97 PB, Almacén USGA
1502775600|No fijado|MX-M2651|No fijado
5500285500|ALMACEN ATOYAC|MX-M564N|Río Atoyac 97 PB, Almacén USGA
1502775600|No fijado|MX-M2651|No fijado
5500285500|ALMACEN ATOYAC|MX-M564N|Río Atoyac 97 PB, Almacén USGA
1502775600|No fijado|MX-M2651|No fijado
5500285500|ALMACEN ATOYAC|MX-M564N|Río Atoyac 97 PB, Almacén USGA
1502775600|No fijado|MX-M2651|No fijado
5500285500|ALMACEN ATOYAC|MX-M564N|Río Atoyac 97 PB, Almacén USGA
1502775600|No fijado|MX-M2651|No fijado
5500285500|ALMACEN ATOYAC|MX-M564N|Río Atoyac 97 PB, Almacén USGA
1502775600|No fijado|MX-M2651|No fijado
5500285500|ALMACEN ATOYAC|MX-M564N|Río Atoyac 97 PB, Almacén USGA
1502775600|No fijado|MX-M2651|No fijado
5500285500|ALMACEN ATOYAC|MX-M564N|Río Atoyac 97 PB, Almacén USGA
1502775600|No fijado|MX-M2651|No fijado
5500285500|ALMACEN ATOYAC|MX-M564N|Río Atoyac 97 PB, Almacén USGA
1502775600|No fijado|MX-M2651|No fijado
5500285500|ALMACEN ATOYAC|MX-M564N|Río Atoyac 97 PB, Almacén USGA
1502775600|No fijado|MX-M2651|No fijado
5500285500|ALMACEN ATOYAC|MX-M564N|Río Atoyac 97 PB, Almacén USGA
1502775600|No fijado|MX-M2651|No fijado
5500285500|ALMACEN ATOYAC|MX-M564N|Río Atoyac 97 PB, Almacén USGA
1502775600|No fijado|MX-M2651|No fijado
5500285500|ALMACEN ATOYAC|MX-M564N|Río Atoyac 97 PB, Almacén USGA
1502775600|No fijado|MX-M2651|No fijado
5500285500|ALMACEN ATOYAC|MX-M564N|Río Atoyac 97 PB, Almacén USGA
1502775600|No fijado|MX-M2651|No fijado
5500285500|ALMACEN ATOYAC|MX-M564N|Río Atoyac 97 PB, Almacén USGA
1502775600|No fijado|MX-M2651|No fijado
5500285500|ALMACEN ATOYAC|MX-M564N|Río Atoyac 97 PB, Almacén USGA
1502775600|No fijado|MX-M2651|No fijado
5500285500|ALMACEN ATOYAC|MX-M564N|Río Atoyac 97 PB, Almacén USGA
1502775600|No fijado|MX-M2651|No fijado
5500285500|ALMACEN ATOYAC|MX-M564N|Río Atoyac 97 PB, Almacén USGA
